{
  "dc": {
    "X2": 8.45,
    "1X": 1.005
  },
  "alt_totals": {
    "over_3.5": 1.935,
    "over_2.5": 1.34,
    "over_4.5": 3.0300000000000002,
    "under_3.5": 1.895,
    "under_2.5": 3.06,
    "under_4.5": 1.3650000000000002,
    "over_5.5": 4.85,
    "over_6.5": 10.25,
    "over_1.5": 1.0950000000000002,
    "under_5.5": 1.14,
    "under_6.5": 1.065,
    "under_1.5": 6.375,
    "over_0.5": 1.01,
    "over_7.5": 19.0,
    "over_8.5": 34.0,
    "under_0.5": 16.5,
    "under_7.5": 1.02,
    "under_8.5": 1.0
  }
}