{
  "btts": {
    "yes": 1.82,
    "no": 2.0
  },
  "alt_totals": {
    "over_2.5": 2.005,
    "over_1.5": 1.31,
    "over_3.5": 3.51,
    "under_2.5": 1.8599999999999999,
    "under_1.5": 3.4749999999999996,
    "under_3.5": 1.33,
    "over_0.5": 1.05,
    "over_5.5": 15.0,
    "over_4.5": 6.9,
    "under_0.5": 9.55,
    "under_5.5": 1.02,
    "under_4.5": 1.0950000000000002,
    "over_6.5": 26.0,
    "under_6.5": 1.01
  },
  "dc": {
    "X2": 1.81,
    "1X": 1.28
  }
}